zip3,destination,scf
010,SPRINGFIELD MA 010,SCF SPRINGFIELD MA 010
011,SPRINGFIELD MA 011U,SCF SPRINGFIELD MA 010
012,PITTSFIELD MA 012,SCF SPRINGFIELD MA 010
013,SPRINGFIELD MA 013,SCF SPRINGFIELD MA 010
014,CENTRAL MA 014,SCF CENTRAL MA 015
015,CENTRAL MA 015,SCF CENTRAL MA 015
016,WORCESTER MA 016U,SCF CENTRAL MA 015
017,CENTRAL MA 017,SCF CENTRAL MA 015
018,MIDDLESEX-ESX MA 018,SCF MIDDLESEX-ESX MA 018
019,MIDDLESEX-ESX MA 019,SCF MIDDLESEX-ESX MA 018
020,BROCKTON MA 020,SCF BROCKTON MA 023
021,BOSTON MA 021U,SCF BOSTON MA 021
022,BOSTON MA 022U,SCF BOSTON MA 021
023,BROCKTON MA 023,SCF BROCKTON MA 023
024,NORTHWEST BOS MA 024,NORTHWEST BOS MA 024D
025,CAPE COD MA 025,SCF CAPE COD MA 025
026,CAPE COD MA 026,SCF CAPE COD MA 025
027,PROVIDENCE RI 027,SCF PROVIDENCE RI 028
028,PROVIDENCE RI 028,SCF PROVIDENCE RI 028
029,PROVIDENCE RI 029U,SCF PROVIDENCE RI 028
030,MANCHESTER NH 030,SCF MANCHESTER NH 030
031,MANCHESTER NH 031U,SCF MANCHESTER NH 030
032,MANCHESTER NH 032,SCF MANCHESTER NH 030
033,CONCORD NH 033U,SCF MANCHESTER NH 030
034,MANCHESTER NH 034,SCF MANCHESTER NH 030
035,WHITE RIV JCT VT 035,SCF WHITE RIV JCT VT 050
036,WHITE RIV JCT VT 036,SCF WHITE RIV JCT VT 050
037,WHITE RIV JCT VT 037,SCF WHITE RIV JCT VT 050
038,PORTSMOUTH NH 038,SCF PORTSMOUTH NH 038
039,PORTSMOUTH NH 039,SCF PORTSMOUTH NH 038
040,PORTLAND ME 040,SCF PORTLAND ME 040
041,PORTLAND ME 041U,SCF PORTLAND ME 040
042,PORTLAND ME 042,SCF PORTLAND ME 040
043,PORTLAND ME 043,SCF PORTLAND ME 040
044,BANGOR ME 044,SCF BANGOR ME 044
045,PORTLAND ME 045,SCF PORTLAND ME 040
046,BANGOR ME 046,SCF BANGOR ME 044
047,BANGOR ME 047,SCF BANGOR ME 044
048,PORTLAND ME 048,SCF PORTLAND ME 040
049,BANGOR ME 049,SCF BANGOR ME 044
050,WHITE RIV JCT VT 050,SCF WHITE RIV JCT VT 050
051,WHITE RIV JCT VT 051,SCF WHITE RIV JCT VT 050
052,WHITE RIV JCT VT 052,SCF WHITE RIV JCT VT 050
053,WHITE RIV JCT VT 053,SCF WHITE RIV JCT VT 050
054,BURLINGTON VT 054,SCF BURLINGTON VT 054
055,MIDDLESEX-ESX MA 055,SCF MIDDLESEX-ESX MA 018
056,BURLINGTON VT 056,SCF BURLINGTON VT 054
057,WHITE RIV JCT VT 057,SCF WHITE RIV JCT VT 050
058,WHITE RIV JCT VT 058,SCF WHITE RIV JCT VT 050
059,WHITE RIV JCT VT 059,SCF WHITE RIV JCT VT 050
060,HARTFORD CT 060,SCF HARTFORD CT 060
061,HARTFORD CT 061U,SCF HARTFORD CT 060
062,HARTFORD CT 062,SCF HARTFORD CT 060
063,SOUTHERN CT 063,SCF SOUTHERN CT 064
064,SOUTHERN CT 064,SCF SOUTHERN CT 064
065,NEW HAVEN CT 065U,SCF SOUTHERN CT 064
066,BRIDGEPORT CT 066U,SCF SOUTHERN CT 064
067,WATERBURY CT 067,WATERBURY CT 067D
068,STAMFORD CT 068,SCF STAMFORD CT 068
069,STAMFORD CT 069U,SCF STAMFORD CT 068
070,NEWARK NJ 070,SCF NEWARK NJ 070
071,NEWARK NJ 071U,SCF NEWARK NJ 070
072,ELIZABETH NJ 072U,SCF NEWARK NJ 070
073,JERSEY CITY NJ 073U,SCF NEWARK NJ 070
074,PATERSON NJ 074,SCF NNJ METRO NJ 076
075,PATERSON NJ 075U,SCF NNJ METRO NJ 076
076,HACKENSACK NJ 076,SCF NNJ METRO NJ 076
077,MONMOUTH NJ 077,SCF MONMOUTH NJ 077
078,WEST JERSEY NJ 078,SCF WEST JERSEY NJ 079
079,WEST JERSEY NJ 079,SCF WEST JERSEY NJ 079
080,SOUTH JERSEY NJ 080,SCF SOUTH JERSEY NJ 080
081,CAMDEN NJ 081U,SCF SOUTH JERSEY NJ 080
082,SOUTH JERSEY NJ 082,SCF SOUTH JERSEY NJ 080
083,SOUTH JERSEY NJ 083,SCF SOUTH JERSEY NJ 080
084,ATLANTIC CITY NJ 084U,SCF SOUTH JERSEY NJ 080
085,TRENTON NJ 085,SCF TRENTON NJ 085
086,TRENTON NJ 086U,SCF TRENTON NJ 085
087,MONMOUTH NJ 087,SCF MONMOUTH NJ 077
088,KILMER NJ 088,SCF KILMER NJ 088
089,NEW BRUNSWICK NJ 089U,SCF KILMER NJ 088
100,NEW YORK NY 100U,SCF NEW YORK NY 100
101,NEW YORK NY 101U,SCF NEW YORK NY 100
102,NEW YORK NY 102U,SCF NEW YORK NY 100
103,STATEN ISLAND NY 103U,STATEN ISLAND NY 103D
104,BRONX NY 104U,BRONX NY 104D
105,WESTCHESTER NY 105,SCF WESTCHESTER NY 105
106,WHITE PLAINS NY 106U,SCF WESTCHESTER NY 105
107,YONKERS NY 107U,SCF WESTCHESTER NY 105
108,NEW ROCHELLE NY 108U,SCF WESTCHESTER NY 105
109,WESTCHESTER NY 109,SCF WESTCHESTER NY 105
110,QUEENS NY 110,SCF QUEENS NY 110
111,LONG ISLAND CITY NY 111U,SCF QUEENS NY 110
112,BROOKLYN NY 112U,SCF BROOKLYN NY 112
113,FLUSHING NY 113U,SCF QUEENS NY 110
114,JAMAICA NY 114U,SCF QUEENS NY 110
115,WESTERN NASSAU NY 115,WESTERN NASSAU NY 115D
116,FAR ROCKAWAY NY 116U,SCF BROOKLYN NY 112
117,MID-ISLAND NY 117,SCF MID-ISLAND NY 117
118,HICKSVILLE NY 118U,SCF MID-ISLAND NY 117
119,MID-ISLAND NY 119,SCF MID-ISLAND NY 117
120,ALBANY NY 120,SCF ALBANY NY 120
121,ALBANY NY 121,SCF ALBANY NY 120
122,ALBANY NY 122U,SCF ALBANY NY 120
123,SCHENECTADY NY 123U,SCF ALBANY NY 120
124,MID-HUDSON NY 124,SCF MID-HUDSON NY 125
125,MID-HUDSON NY 125,SCF MID-HUDSON NY 125
126,POUGHKEEPSIE NY 126U,SCF MID-HUDSON NY 125
127,MID-HUDSON NY 127,SCF MID-HUDSON NY 125
128,GLENS FALLS NY 128,GLENS FALLS NY 128D
129,PLATTSBURGH NY 129,PLATTSBURGH NY 129D
130,SYRACUSE NY 130,SCF SYRACUSE NY 130
131,SYRACUSE NY 131,SCF SYRACUSE NY 130
132,SYRACUSE NY 132U,SCF SYRACUSE NY 130
133,UTICA NY 133,SCF UTICA NY 133
134,UTICA NY 134,SCF UTICA NY 133
135,UTICA NY 135U,SCF UTICA NY 133
136,WATERTOWN NY 136,WATERTOWN NY 136D
137,BINGHAMTON NY 137,SCF BINGHAMTON NY 137
138,BINGHAMTON NY 138,SCF BINGHAMTON NY 137
139,BINGHAMTON NY 139U,SCF BINGHAMTON NY 137
140,BUFFALO NY 140,SCF BUFFALO NY 140
141,BUFFALO NY 141,SCF BUFFALO NY 140
142,BUFFALO NY 142U,SCF BUFFALO NY 140
143,NIAGARA FALLS NY 143U,SCF BUFFALO NY 140
144,ROCHESTER NY 144,SCF ROCHESTER NY 144
145,ROCHESTER NY 145,SCF ROCHESTER NY 144
146,ROCHESTER NY 146U,SCF ROCHESTER NY 144
147,JAMESTOWN NY 147,JAMESTOWN NY 147D
148,ELMIRA NY 148,SCF ELMIRA NY 148
149,ELMIRA NY 149U,SCF ELMIRA NY 148
150,PITTSBURGH PA 150,SCF PITTSBURGH PA 150
151,PITTSBURGH PA 151,SCF PITTSBURGH PA 150
152,PITTSBURGH PA 152U,SCF PITTSBURGH PA 150
153,PITTSBURGH PA 153,SCF PITTSBURGH PA 150
154,PITTSBURGH PA 154,SCF PITTSBURGH PA 150
155,JOHNSTOWN PA 155,SCF JOHNSTOWN PA 159
156,GREENSBURG PA 156,GREENSBURG PA 156D
157,JOHNSTOWN PA 157,SCF JOHNSTOWN PA 159
158,DU BOIS PA 158,DU BOIS PA 158D
159,JOHNSTOWN PA 159,SCF JOHNSTOWN PA 159
160,NEW CASTLE PA 160,SCF NEW CASTLE PA 161
161,NEW CASTLE PA 161,SCF NEW CASTLE PA 161
162,NEW CASTLE PA 162,SCF NEW CASTLE PA 161
163,OIL CITY PA 163,OIL CITY PA 163D
164,ERIE PA 164,SCF ERIE PA 164
165,ERIE PA 165U,SCF ERIE PA 164
166,ALTOONA PA 166,SCF ALTOONA PA 166
167,BRADFORD PA 167,BRADFORD PA 167D
168,ALTOONA PA 168,SCF ALTOONA PA 166
169,WILLIAMSPORT PA 169,SCF WILLIAMSPORT PA 177
170,HARRISBURG PA 170,SCF HARRISBURG PA 170
171,HARRISBURG PA 171U,SCF HARRISBURG PA 170
172,HARRISBURG PA 172,SCF HARRISBURG PA 170
173,LANCASTER PA 173,SCF LANCASTER PA 173
174,YORK PA 174U,SCF LANCASTER PA 173
175,LANCASTER PA 175,SCF LANCASTER PA 173
176,LANCASTER PA 176U,SCF LANCASTER PA 173
177,WILLIAMSPORT PA 177,SCF WILLIAMSPORT PA 177
178,HARRISBURG PA 178,SCF HARRISBURG PA 170
179,READING PA 179,SCF READING PA 195
180,LEHIGH VALLEY PA 180,SCF LEHIGH VALLEY PA 180
181,ALLENTOWN PA 181U,SCF LEHIGH VALLEY PA 180
182,WILKES BARRE PA 182,SCF WILKES BARRE PA 186
183,LEHIGH VALLEY PA 183,SCF LEHIGH VALLEY PA 180
184,SCRANTON PA 184,SCF SCRANTON PA 184
185,SCRANTON PA 185U,SCF SCRANTON PA 184
186,WILKES BARRE PA 186,SCF WILKES BARRE PA 186
187,WILKES BARRE PA 187U,SCF WILKES BARRE PA 186
188,SCRANTON PA 188,SCF SCRANTON PA 184
189,SOUTHEASTERN PA 189,SCF SOUTHEASTERN PA 189
190,PHILADELPHIA PA 190,SCF PHILADELPHIA PA 190
191,PHILADELPHIA PA 191U,SCF PHILADELPHIA PA 190
192,PHILADELPHIA PA 192,SCF PHILADELPHIA PA 190
193,SOUTHEASTERN PA 193,SCF SOUTHEASTERN PA 189
194,SOUTHEASTERN PA 194,SCF SOUTHEASTERN PA 189
195,READING PA 195,SCF READING PA 195
196,READING PA 196U,SCF READING PA 195
197,WILMINGTON DE 197,SCF WILMINGTON DE 197
198,WILMINGTON DE 198U,SCF WILMINGTON DE 197
199,WILMINGTON DE 199,SCF WILMINGTON DE 197
200,WASHINGTON DC 200U,WASHINGTON DC 200D
201,DULLES VA 201,DULLES VA 201D
202,WASHINGTON DC 202,SCF WASHINGTON DC 202
203,WASHINGTON DC 203,SCF WASHINGTON DC 202
204,WASHINGTON DC 204,SCF WASHINGTON DC 202
205,WASHINGTON DC 205,SCF WASHINGTON DC 202
206,SOUTHERN MD MD 206,SCF SOUTHERN MD MD 207
207,SOUTHERN MD MD 207,SCF SOUTHERN MD MD 207
208,SUBURBAN MD MD 208,SCF SUBURBAN MD MD 208
209,SILVER SPRING MD 209U,SCF SUBURBAN MD MD 208
210,LINTHICUM MD 210,SCF LINTHICUM MD 210
211,LINTHICUM MD 211,SCF LINTHICUM MD 210
212,BALTIMORE MD 212U,SCF BALTIMORE MD 212
213,ANNAPOLIS MD 214U,SCF LINTHICUM MD 210
214,ANNAPOLIS MD 214U,SCF LINTHICUM MD 210
215,CUMBERLAND MD 215,SCF CUMBERLAND MD 215
216,EASTERN SHORE MD 216,SCF EASTERN SHORE MD 216
217,FREDERICK MD 217,FREDERICK MD 217D
218,SALISBURY MD 218,SCF EASTERN SHORE MD 216
219,BALTIMORE MD 219,SCF BALTIMORE MD 212
220,NORTHERN VA VA 220,SCF NORTHERN VA VA 220
221,NORTHERN VA VA 221,SCF NORTHERN VA VA 220
222,ARLINGTON VA 222U,SCF NORTHERN VA VA 220
223,ALEXANDRIA VA 223U,SCF NORTHERN VA VA 220
224,RICHMOND VA 224,SCF RICHMOND VA 230
225,RICHMOND VA 225,SCF RICHMOND VA 230
226,WINCHESTER VA 226,WINCHESTER VA 226D
227,CULPEPER VA 227,CULPEPER VA 227D
228,CHARLOTTESVLE VA 228,SCF CHARLOTTESVLE VA 229
229,CHARLOTTESVLE VA 229,SCF CHARLOTTESVLE VA 229
230,RICHMOND VA 230,SCF RICHMOND VA 230
231,RICHMOND VA 231,SCF RICHMOND VA 230
232,RICHMOND VA 232U,SCF RICHMOND VA 230
233,NORFOLK VA 233,SCF NORFOLK VA 233
234,NORFOLK VA 234,SCF NORFOLK VA 233
235,NORFOLK VA 235U,SCF NORFOLK VA 233
236,NORFOLK VA 236,SCF NORFOLK VA 233
237,PORTSMOUTH VA 237U,SCF NORFOLK VA 233
238,RICHMOND VA 238,SCF RICHMOND VA 230
239,FARMVILLE VA 239,FARMVILLE VA 239D
240,ROANOKE VA 240,SCF ROANOKE VA 240
241,ROANOKE VA 241,SCF ROANOKE VA 240
242,BRISTOL VA 242,BRISTOL VA 242D
243,ROANOKE VA 243,SCF ROANOKE VA 240
244,CHARLOTTESVLE VA 244,SCF CHARLOTTESVLE VA 229
245,LYNCHBURG VA 245,LYNCHBURG VA 245D
246,BLUEFIELD WV 246,SCF BLUEFIELD WV 247
247,BLUEFIELD WV 247,SCF BLUEFIELD WV 247
248,BLUEFIELD WV 248,SCF BLUEFIELD WV 247
249,LEWISBURG WV 249,LEWISBURG WV 249D
250,CHARLESTON WV 250,SCF CHARLESTON WV 250
251,CHARLESTON WV 251,SCF CHARLESTON WV 250
252,CHARLESTON WV 252,SCF CHARLESTON WV 250
253,CHARLESTON WV 253U,SCF CHARLESTON WV 250
254,MARTINSBURG WV 254,MARTINSBURG WV 254D
255,HUNTINGTON WV 255,SCF HUNTINGTON WV 255
256,HUNTINGTON WV 256,SCF HUNTINGTON WV 255
257,HUNTINGTON WV 257U,SCF HUNTINGTON WV 255
258,BECKLEY WV 258,SCF BECKLEY WV 258
259,BECKLEY WV 259,SCF BECKLEY WV 258
260,WHEELING WV 260,WHEELING WV 260D
261,PARKERSBURG WV 261,PARKERSBURG WV 261D
262,CLARKSBURG WV 262,SCF CLARKSBURG WV 263
263,CLARKSBURG WV 263,SCF CLARKSBURG WV 263
264,CLARKSBURG WV 264,SCF CLARKSBURG WV 263
265,CLARKSBURG WV 265,SCF CLARKSBURG WV 263
266,GASSAWAY WV 266,GASSAWAY WV 266D
267,CUMBERLAND MD 267,SCF CUMBERLAND MD 215
268,PETERSBURG WV 268,PETERSBURG WV 268D
269,GREENSBORO NC 270,SCF GREENSBORO NC 270
270,GREENSBORO NC 270,SCF GREENSBORO NC 270
271,WINSTON-SALEM NC 271U,SCF GREENSBORO NC 270
272,GREENSBORO NC 272,SCF GREENSBORO NC 270
273,GREENSBORO NC 273,SCF GREENSBORO NC 270
274,GREENSBORO NC 274U,SCF GREENSBORO NC 270
275,RALEIGH NC 275,SCF RALEIGH NC 275
276,RALEIGH NC 276U,SCF RALEIGH NC 275
277,DURHAM NC 277U,SCF RALEIGH NC 275
278,ROCKY MOUNT NC 278,SCF ROCKY MOUNT NC 278
279,ROCKY MOUNT NC 279,SCF ROCKY MOUNT NC 278
280,CHARLOTTE NC 280,SCF CHARLOTTE NC 280
281,CHARLOTTE NC 281,SCF CHARLOTTE NC 280
282,CHARLOTTE NC 282U,SCF CHARLOTTE NC 280
283,FAYETTEVILLE NC 283,SCF FAYETTEVILLE NC 283
284,FAYETTEVILLE NC 284,SCF FAYETTEVILLE NC 283
285,KINSTON NC 285,KINSTON NC 285D
286,HICKORY NC 286,HICKORY NC 286D
287,ASHEVILLE NC 287,SCF ASHEVILLE NC 287
288,ASHEVILLE NC 288U,SCF ASHEVILLE NC 287
289,ASHEVILLE NC 289,SCF ASHEVILLE NC 287
290,COLUMBIA SC 290,SCF COLUMBIA SC 290
291,COLUMBIA SC 291,SCF COLUMBIA SC 290
292,COLUMBIA SC 292U,SCF COLUMBIA SC 290
293,GREENVILLE SC 293,SCF GREENVILLE SC 296
294,CHARLESTON SC 294,CHARLESTON SC 294D
295,FLORENCE SC 295,FLORENCE SC 295D
296,GREENVILLE SC 296,SCF GREENVILLE SC 296
297,CHARLOTTE NC 297,SCF CHARLOTTE NC 280
298,AUGUSTA GA 298,SCF AUGUSTA GA 308
299,SAVANNAH GA 299,SCF SAVANNAH GA 313
300,NORTH METRO GA 300,SCF NORTH METRO GA 300
301,NORTH METRO GA 301,SCF NORTH METRO GA 300
302,ATLANTA GA 302,SCF ATLANTA GA 303
303,ATLANTA GA 303U,SCF ATLANTA GA 303
304,SWAINSBORO GA 304,SWAINSBORO GA 304D
305,ATHENS GA 305,SCF ATHENS GA 306
306,ATHENS GA 306,SCF ATHENS GA 306
307,CHATTANOOGA TN 307,SCF CHATTANOOGA TN 373
308,AUGUSTA GA 308,SCF AUGUSTA GA 308
309,AUGUSTA GA 309U,SCF AUGUSTA GA 308
310,MACON GA 310,SCF MACON GA 310
311,ATLANTA GA 311U,SCF ATLANTA GA 303
312,MACON GA 312U,SCF MACON GA 310
313,SAVANNAH GA 313,SCF SAVANNAH GA 313
314,SAVANNAH GA 314U,SCF SAVANNAH GA 313
315,WAYCROSS GA 315,WAYCROSS GA 315D
316,VALDOSTA GA 316,VALDOSTA GA 316D
317,ALBANY GA 317,SCF ALBANY GA 317
318,COLUMBUS GA 318,SCF COLUMBUS GA 318
319,COLUMBUS GA 319U,SCF COLUMBUS GA 318
320,JACKSONVILLE FL 320,SCF JACKSONVILLE FL 320
321,DAYTONA BEACH FL 321,DAYTONA BEACH FL 321D
322,JACKSONVILLE FL 322U,SCF JACKSONVILLE FL 320
323,TALLAHASSEE FL 323,TALLAHASSEE FL 323D
324,PANAMA CITY FL 324,PANAMA CITY FL 324D
325,PENSACOLA FL 325,PENSACOLA FL 325D
326,GAINESVILLE FL 326,SCF GAINESVILLE FL 326
327,MID-FLORIDA FL 327,MID-FLORIDA FL 327D
328,ORLANDO FL 328U,SCF ORLANDO FL 328
329,ORLANDO FL 329,SCF ORLANDO FL 328
330,SOUTH FLORIDA FL 330,SOUTH FLORIDA FL 330D
331,MIAMI FL 331U,SCF MIAMI FL 331
332,MIAMI FL 332U,SCF MIAMI FL 331
333,FT LAUDERDALE FL 333U,FT LAUDERDALE FL 333D
334,WEST PALM BCH FL 334,SCF WEST PALM BCH FL 334
335,TAMPA FL 335,SCF TAMPA FL 335
336,TAMPA FL 336U,SCF TAMPA FL 335
337,ST PETERSBURG FL 337,ST PETERSBURG FL 337D
338,LAKELAND FL 338,LAKELAND FL 338D
339,FT MYERS FL 339,SCF FT MYERS FL 339
341,FT MYERS FL 341,SCF FT MYERS FL 339
342,MANASOTA FL 342,MANASOTA FL 342D
343,GAINESVILLE FL 344,SCF GAINESVILLE FL 326
344,GAINESVILLE FL 344,SCF GAINESVILLE FL 326
345,TAMPA FL 346,SCF TAMPA FL 335
346,TAMPA FL 346,SCF TAMPA FL 335
347,ORLANDO FL 347,SCF ORLANDO FL 328
348,WEST PALM BCH FL 349,SCF WEST PALM BCH FL 334
349,WEST PALM BCH FL 349,SCF WEST PALM BCH FL 334
350,BIRMINGHAM AL 350,SCF BIRMINGHAM AL 350
351,BIRMINGHAM AL 351,SCF BIRMINGHAM AL 350
352,BIRMINGHAM AL 352U,SCF BIRMINGHAM AL 350
353,TUSCALOOSA AL 354,TUSCALOOSA AL 354D
354,TUSCALOOSA AL 354,TUSCALOOSA AL 354D
355,BIRMINGHAM AL 355,SCF BIRMINGHAM AL 350
356,HUNTSVILLE AL 356,SCF HUNTSVILLE AL 357
357,HUNTSVILLE AL 357,SCF HUNTSVILLE AL 357
358,HUNTSVILLE AL 358U,SCF HUNTSVILLE AL 357
359,BIRMINGHAM AL 359,SCF BIRMINGHAM AL 350
360,MONTGOMERY AL 360,SCF MONTGOMERY AL 360
361,MONTGOMERY AL 361U,SCF MONTGOMERY AL 360
362,ANNISTON AL 362,ANNISTON AL 362D
363,DOTHAN AL 363,DOTHAN AL 363D
364,EVERGREEN AL 364,EVERGREEN AL 364D
365,MOBILE AL 365,SCF MOBILE AL 365
366,MOBILE AL 366U,SCF MOBILE AL 365
367,MONTGOMERY AL 367,SCF MONTGOMERY AL 360
368,MONTGOMERY AL 368,SCF MONTGOMERY AL 360
369,MERIDIAN MS 369,SCF MERIDIAN MS 393
370,NASHVILLE TN 370,SCF NASHVILLE TN 370
371,NASHVILLE TN 371,SCF NASHVILLE TN 370
372,NASHVILLE TN 372U,SCF NASHVILLE TN 370
373,CHATTANOOGA TN 373,SCF CHATTANOOGA TN 373
374,CHATTANOOGA TN 374U,SCF CHATTANOOGA TN 373
375,MEMPHIS TN 375,SCF MEMPHIS TN 380
376,JOHNSON CITY TN 376,JOHNSON CITY TN 376D
377,KNOXVILLE TN 377,SCF KNOXVILLE TN 377
378,KNOXVILLE TN 378,SCF KNOXVILLE TN 377
379,KNOXVILLE TN 379U,SCF KNOXVILLE TN 377
380,MEMPHIS TN 380,SCF MEMPHIS TN 380
381,MEMPHIS TN 381U,SCF MEMPHIS TN 380
382,MCKENZIE TN 382,MCKENZIE TN 382D
383,JACKSON TN 383,JACKSON TN 383D
384,COLUMBIA TN 384,COLUMBIA TN 384D
385,COOKEVILLE TN 385,COOKEVILLE TN 385D
386,MEMPHIS TN 386,SCF MEMPHIS TN 380
387,GREENVILLE MS 387,GREENVILLE MS 387D
388,TUPELO MS 388,TUPELO MS 388D
389,GRENADA MS 389,GRENADA MS 389D
390,JACKSON MS 390,SCF JACKSON MS 390
391,JACKSON MS 391,SCF JACKSON MS 390
392,JACKSON MS 392U,SCF JACKSON MS 390
393,MERIDIAN MS 393,SCF MERIDIAN MS 393
394,HATTIESBURG MS 394,HATTIESBURG MS 394D
395,GULFPORT MS 395,GULFPORT MS 395D
396,MCCOMB MS 396,MCCOMB MS 396D
397,COLUMBUS MS 397,COLUMBUS MS 397D
398,ALBANY GA 398,SCF ALBANY GA 317
399,ATLANTA GA 399,SCF ATLANTA GA 303
400,LOUISVILLE KY 400,SCF LOUISVILLE KY 400
401,LOUISVILLE KY 401,SCF LOUISVILLE KY 400
402,LOUISVILLE KY 402U,SCF LOUISVILLE KY 400
403,LEXINGTON KY 403,SCF LEXINGTON KY 403
404,LEXINGTON KY 404,SCF LEXINGTON KY 403
405,LEXINGTON KY 405U,SCF LEXINGTON KY 403
406,FRANKFORT KY 406U,SCF LEXINGTON KY 403
407,LONDON KY 407,SCF LONDON KY 407
408,LONDON KY 408,SCF LONDON KY 407
409,LONDON KY 409,SCF LONDON KY 407
410,CINCINNATI OH 410,SCF CINCINNATI OH 450
411,ASHLAND KY 411,SCF ASHLAND KY 411
412,ASHLAND KY 412,SCF ASHLAND KY 411
413,CAMPTON KY 413,SCF CAMPTON KY 413
414,CAMPTON KY 414,SCF CAMPTON KY 413
415,PIKEVILLE KY 415,SCF PIKEVILLE KY 415
416,PIKEVILLE KY 416,SCF PIKEVILLE KY 415
417,HAZARD KY 417,SCF HAZARD KY 417
418,HAZARD KY 418,SCF HAZARD KY 417
419,PADUCAH KY 420,PADUCAH KY 420D
420,PADUCAH KY 420,PADUCAH KY 420D
421,BOWLING GREEN KY 421,SCF BOWLING GREEN KY 421
422,BOWLING GREEN KY 422,SCF BOWLING GREEN KY 421
423,OWENSBORO KY 423,OWENSBORO KY 423D
424,EVANSVILLE IN 424,SCF EVANSVILLE IN 476
425,SOMERSET KY 425,SCF SOMERSET KY 425
426,SOMERSET KY 426,SCF SOMERSET KY 425
427,ELIZABETHTOWN KY 427,ELIZABETHTOWN KY 427D
428,COLUMBUS OH 430,SCF COLUMBUS OH 430
429,COLUMBUS OH 430,SCF COLUMBUS OH 430
430,COLUMBUS OH 430,SCF COLUMBUS OH 430
431,COLUMBUS OH 431,SCF COLUMBUS OH 430
432,COLUMBUS OH 432U,SCF COLUMBUS OH 430
433,COLUMBUS OH 433,SCF COLUMBUS OH 430
434,TOLEDO OH 434,SCF TOLEDO OH 434
435,TOLEDO OH 435,SCF TOLEDO OH 434
436,TOLEDO OH 436U,SCF TOLEDO OH 434
437,ZANESVILLE OH 437,SCF ZANESVILLE OH 437
438,ZANESVILLE OH 438,SCF ZANESVILLE OH 437
439,STEUBENVILLE OH 439,STEUBENVILLE OH 439D
440,CLEVELAND OH 440,SCF CLEVELAND OH 440
441,CLEVELAND OH 441U,SCF CLEVELAND OH 440
442,AKRON OH 442,SCF AKRON OH 442
443,AKRON OH 443U,SCF AKRON OH 442
444,YOUNGSTOWN OH 444,SCF YOUNGSTOWN OH 444
445,YOUNGSTOWN OH 445U,SCF YOUNGSTOWN OH 444
446,CANTON OH 446,SCF CANTON OH 446
447,CANTON OH 447U,SCF CANTON OH 446
448,MANSFIELD OH 448,SCF MANSFIELD OH 448
449,MANSFIELD OH 449U,SCF MANSFIELD OH 448
450,CINCINNATI OH 450,SCF CINCINNATI OH 450
451,CINCINNATI OH 451,SCF CINCINNATI OH 450
452,CINCINNATI OH 452U,SCF CINCINNATI OH 450
453,DAYTON OH 453,SCF DAYTON OH 453
454,DAYTON OH 454U,SCF DAYTON OH 453
455,SPRINGFIELD OH 455U,SCF DAYTON OH 453
456,CHILLICOTHE OH 456,CHILLICOTHE OH 456D
457,ATHENS OH 457,ATHENS OH 457D
458,LIMA OH 458,LIMA OH 458D
459,CINCINNATI OH 459,SCF CINCINNATI OH 450
460,INDIANAPOLIS IN 460,SCF INDIANAPOLIS IN 460
461,INDIANAPOLIS IN 461,SCF INDIANAPOLIS IN 460
462,INDIANAPOLIS IN 462U,SCF INDIANAPOLIS IN 460
463,GARY IN 463,SCF GARY IN 463
464,GARY IN 464U,SCF GARY IN 463
465,SOUTH BEND IN 465,SCF SOUTH BEND IN 465
466,SOUTH BEND IN 466U,SCF SOUTH BEND IN 465
467,FORT WAYNE IN 467,SCF FORT WAYNE IN 467
468,FORT WAYNE IN 468U,SCF FORT WAYNE IN 467
469,KOKOMO IN 469,KOKOMO IN 469D
470,CINCINNATI OH 470,SCF CINCINNATI OH 450
471,LOUISVILLE KY 471,SCF LOUISVILLE KY 400
472,COLUMBUS IN 472,COLUMBUS IN 472D
473,MUNCIE IN 473,MUNCIE IN 473D
474,BLOOMINGTON IN 474,BLOOMINGTON IN 474D
475,TERRE HAUTE IN 475,SCF TERRE HAUTE IN 478
476,EVANSVILLE IN 476,SCF EVANSVILLE IN 476
477,EVANSVILLE IN 477U,SCF EVANSVILLE IN 476
478,TERRE HAUTE IN 478,SCF TERRE HAUTE IN 478
479,LAFAYETTE IN 479,LAFAYETTE IN 479D
480,ROYAL OAK MI 480,SCF ROYAL OAK MI 480
481,DETROIT MI 481,SCF DETROIT MI 481
482,DETROIT MI 482U,SCF DETROIT MI 481
483,ROYAL OAK MI 483,SCF ROYAL OAK MI 480
484,FLINT MI 484,SCF FLINT MI 484
485,FLINT MI 485U,SCF FLINT MI 484
486,SAGINAW MI 486,SCF SAGINAW MI 486
487,SAGINAW MI 487,SCF SAGINAW MI 486
488,LANSING MI 488,SCF LANSING MI 488
489,LANSING MI 489U,SCF LANSING MI 488
490,KALAMAZOO MI 490,SCF KALAMAZOO MI 490
491,KALAMAZOO MI 491,SCF KALAMAZOO MI 490
492,JACKSON MI 492,JACKSON MI 492D
493,GRAND RAPIDS MI 493,SCF GRAND RAPIDS MI 493
494,GRAND RAPIDS MI 494,SCF GRAND RAPIDS MI 493
495,GRAND RAPIDS MI 495U,SCF GRAND RAPIDS MI 493
496,TRAVERSE CITY MI 496,TRAVERSE CITY MI 496D
497,GAYLORD MI 497,GAYLORD MI 497D
498,IRON MOUNTAIN MI 498,SCF IRON MOUNTAIN MI 498
499,IRON MOUNTAIN MI 499,SCF IRON MOUNTAIN MI 498
500,DES MOINES IA 500,SCF DES MOINES IA 500
501,DES MOINES IA 501,SCF DES MOINES IA 500
502,DES MOINES IA 502,SCF DES MOINES IA 500
503,DES MOINES IA 503U,SCF DES MOINES IA 500
504,WATERLOO IA 504,SCF WATERLOO IA 506
505,FORT DODGE IA 505,FORT DODGE IA 505D
506,WATERLOO IA 506,SCF WATERLOO IA 506
507,WATERLOO IA 507U,SCF WATERLOO IA 506
508,CRESTON IA 508,CRESTON IA 508D
509,DES MOINES IA 509,SCF DES MOINES IA 500
510,SIOUX CITY IA 510,SCF SIOUX CITY IA 510
511,SIOUX CITY IA 511U,SCF SIOUX CITY IA 510
512,SIOUX CITY IA 512,SCF SIOUX CITY IA 510
513,SIOUX CITY IA 513,SCF SIOUX CITY IA 510
514,CARROLL IA 514,CARROLL IA 514D
515,OMAHA NE 515,SCF OMAHA NE 680
516,OMAHA NE 516,SCF OMAHA NE 680
517,DUBUQUE IA 520,DUBUQUE IA 520D
518,DUBUQUE IA 520,DUBUQUE IA 520D
519,DUBUQUE IA 520,DUBUQUE IA 520D
520,DUBUQUE IA 520,DUBUQUE IA 520D
521,DECORAH IA 521,DECORAH IA 521D
522,CEDAR RAPIDS IA 522,SCF CEDAR RAPIDS IA 522
523,CEDAR RAPIDS IA 523,SCF CEDAR RAPIDS IA 522
524,CEDAR RAPIDS IA 524U,SCF CEDAR RAPIDS IA 522
525,DES MOINES IA 525,SCF DES MOINES IA 500
526,BURLINGTON IA 526,BURLINGTON IA 526D
527,QUAD CITIES IL 527,SCF QUAD CITIES IL 612
528,DAVENPORT IA 528U,SCF QUAD CITIES IL 612
529,MILWAUKEE WI 530,SCF MILWAUKEE WI 530
530,MILWAUKEE WI 530,SCF MILWAUKEE WI 530
531,MILWAUKEE WI 531,SCF MILWAUKEE WI 530
532,MILWAUKEE WI 532U,SCF MILWAUKEE WI 530
533,RACINE WI 534U,SCF MILWAUKEE WI 530
534,RACINE WI 534U,SCF MILWAUKEE WI 530
535,MADISON WI 535,SCF MADISON WI 535
536,MADISON WI 537U,SCF MADISON WI 535
537,MADISON WI 537U,SCF MADISON WI 535
538,MADISON WI 538,SCF MADISON WI 535
539,PORTAGE WI 539,PORTAGE WI 539D
540,ST PAUL MN 540,SCF ST PAUL MN 550
541,GREEN BAY WI 541,SCF GREEN BAY WI 541
542,GREEN BAY WI 542,SCF GREEN BAY WI 541
543,GREEN BAY WI 543U,SCF GREEN BAY WI 541
544,WAUSAU WI 544,WAUSAU WI 544D
545,RHINELANDER WI 545,RHINELANDER WI 545D
546,LA CROSSE WI 546,LA CROSSE WI 546D
547,EAU CLAIRE WI 547,EAU CLAIRE WI 547D
548,SPOONER WI 548,SPOONER WI 548D
549,OSHKOSH WI 549,OSHKOSH WI 549D
550,ST PAUL MN 550,SCF ST PAUL MN 550
551,ST PAUL MN 551U,SCF ST PAUL MN 550
552,MINNEAPOLIS MN 553,SCF MINNEAPOLIS MN 553
553,MINNEAPOLIS MN 553,SCF MINNEAPOLIS MN 553
554,MINNEAPOLIS MN 554U,SCF MINNEAPOLIS MN 553
555,MINNEAPOLIS MN 555,SCF MINNEAPOLIS MN 553
556,DULUTH MN 556,SCF DULUTH MN 556
557,DULUTH MN 557,SCF DULUTH MN 556
558,DULUTH MN 558U,SCF DULUTH MN 556
559,ROCHESTER MN 559,ROCHESTER MN 559D
560,MANKATO MN 560,SCF MANKATO MN 560
561,MANKATO MN 561,SCF MANKATO MN 560
562,WILLMAR MN 562,WILLMAR MN 562D
563,ST CLOUD MN 563,ST CLOUD MN 563D
564,BRAINERD MN 564,BRAINERD MN 564D
565,DETROIT LAKES MN 565,DETROIT LAKES MN 565D
566,BEMIDJI MN 566,BEMIDJI MN 566D
567,GRAND FORKS ND 567,SCF GRAND FORKS ND 582
568,SIOUX FALLS SD 570,SCF SIOUX FALLS SD 570
569,SIOUX FALLS SD 570,SCF SIOUX FALLS SD 570
570,SIOUX FALLS SD 570,SCF SIOUX FALLS SD 570
571,SIOUX FALLS SD 571U,SCF SIOUX FALLS SD 570
572,DAKOTA CENTRAL SD 572,SCF DAKOTA CENTRAL SD 572
573,DAKOTA CENTRAL SD 573,SCF DAKOTA CENTRAL SD 572
574,ABERDEEN SD 574,ABERDEEN SD 574D
575,PIERRE SD 575,PIERRE SD 575D
576,MOBRIDGE SD 576,MOBRIDGE SD 576D
577,RAPID CITY SD 577,RAPID CITY SD 577D
578,FARGO ND 580,SCF FARGO ND 580
579,FARGO ND 580,SCF FARGO ND 580
580,FARGO ND 580,SCF FARGO ND 580
581,FARGO ND 581U,SCF FARGO ND 580
582,GRAND FORKS ND 582,SCF GRAND FORKS ND 582
583,DEVILS LAKE ND 583,DEVILS LAKE ND 583D
584,JAMESTOWN ND 584,JAMESTOWN ND 584D
585,BISMARCK ND 585,SCF BISMARCK ND 585
586,BISMARCK ND 586,SCF BISMARCK ND 585
587,MINOT ND 587,MINOT ND 587D
588,WILLISTON ND 588,WILLISTON ND 588D
589,BILLINGS MT 590,SCF BILLINGS MT 590
590,BILLINGS MT 590,SCF BILLINGS MT 590
591,BILLINGS MT 591U,SCF BILLINGS MT 590
592,WOLF POINT MT 592,WOLF POINT MT 592D
593,MILES CITY MT 593,MILES CITY MT 593D
594,GREAT FALLS MT 594,GREAT FALLS MT 594D
595,HAVRE MT 595,HAVRE MT 595D
596,HELENA MT 596,HELENA MT 596D
597,BUTTE MT 597,BUTTE MT 597D
598,MISSOULA MT 598,MISSOULA MT 598D
599,KALISPELL MT 599,KALISPELL MT 599D
600,PALATINE IL 600,SCF PALATINE IL 600
601,CAROL STREAM IL 601,SCF CAROL STREAM IL 601
602,EVANSTON IL 602U,SCF PALATINE IL 600
603,OAK PARK IL 603U,SCF CAROL STREAM IL 601
604,S SUBURBAN IL 604,S SUBURBAN IL 604D
605,FOX VALLEY IL 605,FOX VALLEY IL 605D
606,CHICAGO IL 606U,SCF CHICAGO IL 606
607,CHICAGO IL 607,SCF CHICAGO IL 606
608,CHICAGO IL 608,SCF CHICAGO IL 606
609,KANKAKEE IL 609,KANKAKEE IL 609D
610,ROCKFORD IL 610,SCF ROCKFORD IL 610
611,ROCKFORD IL 611U,SCF ROCKFORD IL 610
612,QUAD CITIES IL 612,SCF QUAD CITIES IL 612
613,LA SALLE IL 613,LA SALLE IL 613D
614,GALESBURG IL 614,GALESBURG IL 614D
615,PEORIA IL 615,SCF PEORIA IL 615
616,PEORIA IL 616U,SCF PEORIA IL 615
617,BLOOMINGTON IL 617,BLOOMINGTON IL 617D
618,CHAMPAIGN IL 618,SCF CHAMPAIGN IL 618
619,CHAMPAIGN IL 619,SCF CHAMPAIGN IL 618
620,ST LOUIS MO 620,SCF ST LOUIS MO 630
621,ST LOUIS MO 622,SCF ST LOUIS MO 630
622,ST LOUIS MO 622,SCF ST LOUIS MO 630
623,QUINCY IL 623,SCF QUINCY IL 623
624,EFFINGHAM IL 624,EFFINGHAM IL 624D
625,SPRINGFIELD IL 625,SCF SPRINGFIELD IL 625
626,SPRINGFIELD IL 626,SCF SPRINGFIELD IL 625
627,SPRINGFIELD IL 627U,SCF SPRINGFIELD IL 625
628,CENTRALIA IL 628,CENTRALIA IL 628D
629,CARBONDALE IL 629,CARBONDALE IL 629D
630,ST LOUIS MO 630,SCF ST LOUIS MO 630
631,ST LOUIS MO 631U,SCF ST LOUIS MO 630
632,ST LOUIS MO 633,SCF ST LOUIS MO 630
633,ST LOUIS MO 633,SCF ST LOUIS MO 630
634,QUINCY IL 634,SCF QUINCY IL 623
635,QUINCY IL 635,SCF QUINCY IL 623
636,CAPE GIRARDEAU MO 636,SCF CAPE GIRARDEAU MO 637
637,CAPE GIRARDEAU MO 637,SCF CAPE GIRARDEAU MO 637
638,CAPE GIRARDEAU MO 638,SCF CAPE GIRARDEAU MO 637
639,CAPE GIRARDEAU MO 639,SCF CAPE GIRARDEAU MO 637
640,KANSAS CITY MO 640,SCF KANSAS CITY MO 640
641,KANSAS CITY MO 641U,SCF KANSAS CITY MO 640
642,ST JOSEPH MO 644,SCF ST JOSEPH MO 644
643,ST JOSEPH MO 644,SCF ST JOSEPH MO 644
644,ST JOSEPH MO 644,SCF ST JOSEPH MO 644
645,ST JOSEPH MO 645U,SCF ST JOSEPH MO 644
646,CHILLICOTHE MO 646,CHILLICOTHE MO 646D
647,HARRISONVILLE MO 647,HARRISONVILLE MO 647D
648,SPRINGFIELD MO 648,SCF SPRINGFIELD MO 656
649,KANSAS CITY MO 649,SCF KANSAS CITY MO 640
650,MID-MISSOURI MO 650,SCF MID-MISSOURI MO 650
651,MID-MISSOURI MO 651,SCF MID-MISSOURI MO 650
652,MID-MISSOURI MO 652,SCF MID-MISSOURI MO 650
653,MID-MISSOURI MO 653,SCF MID-MISSOURI MO 650
654,SPRINGFIELD MO 654,SCF SPRINGFIELD MO 656
655,SPRINGFIELD MO 655,SCF SPRINGFIELD MO 656
656,SPRINGFIELD MO 656,SCF SPRINGFIELD MO 656
657,SPRINGFIELD MO 657,SCF SPRINGFIELD MO 656
658,SPRINGFIELD MO 658U,SCF SPRINGFIELD MO 656
659,KANSAS CITY KS 660,SCF KANSAS CITY KS 660
660,KANSAS CITY KS 660,SCF KANSAS CITY KS 660
661,KANSAS CITY KS 661U,SCF KANSAS CITY KS 660
662,KANSAS CITY KS 662,SCF KANSAS CITY KS 660
663,TOPEKA KS 664,SCF TOPEKA KS 664
664,TOPEKA KS 664,SCF TOPEKA KS 664
665,TOPEKA KS 665,SCF TOPEKA KS 664
666,TOPEKA KS 666U,SCF TOPEKA KS 664
667,FT SCOTT KS 667,FT SCOTT KS 667D
668,TOPEKA KS 668,SCF TOPEKA KS 664
669,SALINA KS 669,SCF SALINA KS 674
670,WICHITA KS 670,SCF WICHITA KS 670
671,WICHITA KS 671,SCF WICHITA KS 670
672,WICHITA KS 672U,SCF WICHITA KS 670
673,INDEPENDENCE KS 673,INDEPENDENCE KS 673D
674,SALINA KS 674,SCF SALINA KS 674
675,HUTCHINSON KS 675,HUTCHINSON KS 675D
676,HAYS KS 676,HAYS KS 676D
677,COLBY KS 677,COLBY KS 677D
678,DODGE CITY KS 678,DODGE CITY KS 678D
679,LIBERAL KS 679,SCF LIBERAL KS 679
680,OMAHA NE 680,SCF OMAHA NE 680
681,OMAHA NE 681U,SCF OMAHA NE 680
682,LINCOLN NE 683,SCF LINCOLN NE 683
683,LINCOLN NE 683,SCF LINCOLN NE 683
684,LINCOLN NE 684,SCF LINCOLN NE 683
685,LINCOLN NE 685U,SCF LINCOLN NE 683
686,NORFOLK NE 686,SCF NORFOLK NE 687
687,NORFOLK NE 687,SCF NORFOLK NE 687
688,GRAND ISLAND NE 688,SCF GRAND ISLAND NE 688
689,GRAND ISLAND NE 689,SCF GRAND ISLAND NE 688
690,MC COOK NE 690,MC COOK NE 690D
691,NORTH PLATTE NE 691,NORTH PLATTE NE 691D
692,VALENTINE NE 692,VALENTINE NE 692D
693,ALLIANCE NE 693,ALLIANCE NE 693D
694,NEW ORLEANS LA 700,SCF NEW ORLEANS LA 700
695,NEW ORLEANS LA 700,SCF NEW ORLEANS LA 700
696,NEW ORLEANS LA 700,SCF NEW ORLEANS LA 700
697,NEW ORLEANS LA 700,SCF NEW ORLEANS LA 700
698,NEW ORLEANS LA 700,SCF NEW ORLEANS LA 700
699,NEW ORLEANS LA 700,SCF NEW ORLEANS LA 700
700,NEW ORLEANS LA 700,SCF NEW ORLEANS LA 700
701,NEW ORLEANS LA 701U,SCF NEW ORLEANS LA 700
702,HOUMA LA 703,HOUMA LA 703D
703,HOUMA LA 703,HOUMA LA 703D
704,MANDEVILLE LA 704,MANDEVILLE LA 704D
705,LAFAYETTE LA 705,LAFAYETTE LA 705D
706,LAKE CHARLES LA 706,LAKE CHARLES LA 706D
707,BATON ROUGE LA 707,SCF BATON ROUGE LA 707
708,BATON ROUGE LA 708U,SCF BATON ROUGE LA 707
709,SHREVEPORT LA 710,SCF SHREVEPORT LA 710
710,SHREVEPORT LA 710,SCF SHREVEPORT LA 710
711,SHREVEPORT LA 711,SCF SHREVEPORT LA 710
712,MONROE LA 712,MONROE LA 712D
713,ALEXANDRIA LA 713,SCF ALEXANDRIA LA 713
714,ALEXANDRIA LA 714,SCF ALEXANDRIA LA 713
715,PINE BLUFF AR 716,PINE BLUFF AR 716D
716,PINE BLUFF AR 716,PINE BLUFF AR 716D
717,CAMDEN AR 717,CAMDEN AR 717D
718,TEXARKANA AR 718,SCF TEXARKANA TX 755
719,HOT SPRINGS NTL PK AR 719,HOT SPRINGS NTL PK AR 719D
720,LITTLE ROCK AR 720,SCF LITTLE ROCK AR 720
721,LITTLE ROCK AR 721,SCF LITTLE ROCK AR 720
722,LITTLE ROCK AR 722U,SCF LITTLE ROCK AR 720
723,MEMPHIS TN 723,SCF MEMPHIS TN 380
724,NE ARKANSAS AR 724,NE ARKANSAS AR 724D
725,BATESVILLE AR 725,BATESVILLE AR 725D
726,HARRISON AR 726,HARRISON AR 726D
727,NW ARKANSAS AR 727,NW ARKANSAS AR 727D
728,RUSSELLVILLE AR 728,RUSSELLVILLE AR 728D
729,FORT SMITH AR 729,FORT SMITH AR 729D
730,OKLAHOMA CITY OK 730,SCF OKLAHOMA CITY OK 730
731,OKLAHOMA CITY OK 731U,SCF OKLAHOMA CITY OK 730
732,AUSTIN TX 733,SCF AUSTIN TX 786
733,AUSTIN TX 733,SCF AUSTIN TX 786
734,ARDMORE OK 734,ARDMORE OK 734D
735,LAWTON OK 735,LAWTON OK 735D
736,CLINTON OK 736,CLINTON OK 736D
737,ENID OK 737,ENID OK 737D
738,WOODWARD OK 738,WOODWARD OK 738D
739,LIBERAL KS 739,SCF LIBERAL KS 679
740,TULSA OK 740,SCF TULSA OK 740
741,TULSA OK 741U,SCF TULSA OK 740
742,TULSA OK 743,SCF TULSA OK 740
743,TULSA OK 743,SCF TULSA OK 740
744,MUSKOGEE OK 744,MUSKOGEE OK 744D
745,MCALESTER OK 745,MCALESTER OK 745D
746,PONCA CITY OK 746,PONCA CITY OK 746D
747,DURANT OK 747,DURANT OK 747D
748,SHAWNEE OK 748,SHAWNEE OK 748D
749,POTEAU OK 749,POTEAU OK 749D
750,NORTH TEXAS TX 750,NORTH TEXAS TX 750D
751,DALLAS TX 751,SCF DALLAS TX 752
752,DALLAS TX 752U,SCF DALLAS TX 752
753,DALLAS TX 753U,SCF DALLAS TX 752
754,GREENVILLE TX 754,GREENVILLE TX 754D
755,TEXARKANA TX 755,SCF TEXARKANA TX 755
756,EAST TEXAS TX 756,SCF EAST TEXAS TX 757
757,EAST TEXAS TX 757,SCF EAST TEXAS TX 757
758,PALESTINE TX 758,PALESTINE TX 758D
759,LUFKIN TX 759,LUFKIN TX 759D
760,FT WORTH TX 760,SCF FT WORTH TX 760
761,FT WORTH TX 761U,SCF FT WORTH TX 760
762,FT WORTH TX 762,SCF FT WORTH TX 760
763,WICHITA FALLS TX 763,WICHITA FALLS TX 763D
764,FT WORTH TX 764,SCF FT WORTH TX 760
765,WACO TX 765,SCF WACO TX 766
766,WACO TX 766,SCF WACO TX 766
767,WACO TX 767U,SCF WACO TX 766
768,ABILENE TX 768,SCF ABILENE TX 795
769,MIDLAND TX 769,SCF MIDLAND TX 797
770,HOUSTON TX 770U,SCF HOUSTON TX 770
771,HOUSTON TX 771U,SCF HOUSTON TX 770
772,HOUSTON TX 772U,SCF HOUSTON TX 770
773,NORTH HOUSTON TX 773,SCF NORTH HOUSTON TX 773
774,NORTH HOUSTON TX 774,SCF NORTH HOUSTON TX 773
775,NORTH HOUSTON TX 775,SCF NORTH HOUSTON TX 773
776,BEAUMONT TX 776,SCF BEAUMONT TX 776
777,BEAUMONT TX 777U,SCF BEAUMONT TX 776
778,BRYAN TX 778,BRYAN TX 778D
779,VICTORIA TX 779,VICTORIA TX 779D
780,SAN ANTONIO TX 780,SCF SAN ANTONIO TX 780
781,SAN ANTONIO TX 781,SCF SAN ANTONIO TX 780
782,SAN ANTONIO TX 782U,SCF SAN ANTONIO TX 780
783,CORPUS CHRISTI TX 783,SCF CORPUS CHRISTI TX 783
784,CORPUS CHRISTI TX 784U,SCF CORPUS CHRISTI TX 783
785,MCALLEN TX 785,MCALLEN TX 785D
786,AUSTIN TX 786,SCF AUSTIN TX 786
787,AUSTIN TX 787U,SCF AUSTIN TX 786
788,SAN ANTONIO TX 788,SCF SAN ANTONIO TX 780
789,AUSTIN TX 789,SCF AUSTIN TX 786
790,AMARILLO TX 790,SCF AMARILLO TX 790
791,AMARILLO TX 791U,SCF AMARILLO TX 790
792,CHILDRESS TX 792,CHILDRESS TX 792D
793,LUBBOCK TX 793,SCF LUBBOCK TX 793
794,LUBBOCK TX 794U,SCF LUBBOCK TX 793
795,ABILENE TX 795,SCF ABILENE TX 795
796,ABILENE TX 796U,SCF ABILENE TX 795
797,MIDLAND TX 797,SCF MIDLAND TX 797
798,EL PASO TX 798,SCF EL PASO TX 798
799,EL PASO TX 799U,SCF EL PASO TX 798
800,DENVER CO 800,SCF DENVER CO 800
801,DENVER CO 801,SCF DENVER CO 800
802,DENVER CO 802U,SCF DENVER CO 800
803,BOULDER CO 803U,SCF DENVER CO 800
804,DENVER CO 804,SCF DENVER CO 800
805,LONGMONT CO 805,LONGMONT CO 805D
806,DENVER CO 806,SCF DENVER CO 800
807,DENVER CO 807,SCF DENVER CO 800
808,COLORADO SPGS CO 808,SCF COLORADO SPGS CO 808
809,COLORADO SPGS CO 809U,SCF COLORADO SPGS CO 808
810,COLORADO SPGS CO 810,SCF COLORADO SPGS CO 808
811,ALAMOSA CO 811,ALAMOSA CO 811D
812,SALIDA CO 812,SALIDA CO 812D
813,DURANGO CO 813,DURANGO CO 813D
814,GRAND JUNCTION CO 814,SCF GRAND JUNCTION CO 814
815,GRAND JUNCTION CO 815,SCF GRAND JUNCTION CO 814
816,GLENWOOD SPRINGS CO 816,GLENWOOD SPRINGS CO 816D
817,CHEYENNE WY 820,CHEYENNE WY 820D
818,CHEYENNE WY 820,CHEYENNE WY 820D
819,CHEYENNE WY 820,CHEYENNE WY 820D
820,CHEYENNE WY 820,CHEYENNE WY 820D
821,YELLOWSTONE NL PK WY 821U,SCF BILLINGS MT 590
822,WHEATLAND WY 822,WHEATLAND WY 822D
823,RAWLINS WY 823,RAWLINS WY 823D
824,WORLAND WY 824,WORLAND WY 824D
825,RIVERTON WY 825,RIVERTON WY 825D
826,CASPER WY 826,CASPER WY 826D
827,GILLETTE WY 827,GILLETTE WY 827D
828,SHERIDAN WY 828,SHERIDAN WY 828D
829,ROCK SPRINGS WY 829,SCF ROCK SPRINGS WY 829
830,ROCK SPRINGS WY 830,SCF ROCK SPRINGS WY 829
831,ROCK SPRINGS WY 831,SCF ROCK SPRINGS WY 829
832,POCATELLO ID 832,SCF POCATELLO ID 832
833,TWIN FALLS ID 833,TWIN FALLS ID 833D
834,POCATELLO ID 834,SCF POCATELLO ID 832
835,LEWISTON ID 835,SCF LEWISTON ID 835
836,BOISE ID 836,SCF BOISE ID 836
837,BOISE ID 837U,SCF BOISE ID 836
838,SPOKANE WA 838,SCF SPOKANE WA 990
839,SALT LAKE CTY UT 840,SCF SALT LAKE CTY UT 840
840,SALT LAKE CTY UT 840,SCF SALT LAKE CTY UT 840
841,SALT LAKE CTY UT 841U,SCF SALT LAKE CTY UT 840
842,SALT LAKE CTY UT 842,SCF SALT LAKE CTY UT 840
843,SALT LAKE CTY UT 843,SCF SALT LAKE CTY UT 840
844,OGDEN UT 844U,SCF SALT LAKE CTY UT 840
845,PROVO UT 845,SCF PROVO UT 845
846,PROVO UT 846,SCF PROVO UT 845
847,PROVO UT 847,SCF PROVO UT 845
848,PHOENIX AZ 850U,SCF PHOENIX AZ 852
849,PHOENIX AZ 850U,SCF PHOENIX AZ 852
850,PHOENIX AZ 850U,SCF PHOENIX AZ 852
851,PHOENIX AZ 852,SCF PHOENIX AZ 852
852,PHOENIX AZ 852,SCF PHOENIX AZ 852
853,PHOENIX AZ 853,SCF PHOENIX AZ 852
854,GLOBE AZ 855,GLOBE AZ 855D
855,GLOBE AZ 855,GLOBE AZ 855D
856,TUCSON AZ 856,SCF TUCSON AZ 856
857,TUCSON AZ 857U,SCF TUCSON AZ 856
858,SHOW LOW AZ 859,SHOW LOW AZ 859D
859,SHOW LOW AZ 859,SHOW LOW AZ 859D
860,FLAGSTAFF AZ 860,FLAGSTAFF AZ 860D
861,PRESCOTT AZ 863,PRESCOTT AZ 863D
862,PRESCOTT AZ 863,PRESCOTT AZ 863D
863,PRESCOTT AZ 863,PRESCOTT AZ 863D
864,KINGMAN AZ 864,KINGMAN AZ 864D
865,GALLUP NM 865,SCF GALLUP NM 873
866,ALBUQUERQUE NM 870,SCF ALBUQUERQUE NM 870
867,ALBUQUERQUE NM 870,SCF ALBUQUERQUE NM 870
868,ALBUQUERQUE NM 870,SCF ALBUQUERQUE NM 870
869,ALBUQUERQUE NM 870,SCF ALBUQUERQUE NM 870
870,ALBUQUERQUE NM 870,SCF ALBUQUERQUE NM 870
871,ALBUQUERQUE NM 871U,SCF ALBUQUERQUE NM 870
872,ALBUQUERQUE NM 872U,SCF ALBUQUERQUE NM 870
873,GALLUP NM 873,SCF GALLUP NM 873
874,FARMINGTON NM 874,FARMINGTON NM 874D
875,ALBUQUERQUE NM 875,SCF ALBUQUERQUE NM 870
876,LAS VEGAS NM 877,LAS VEGAS NM 877D
877,LAS VEGAS NM 877,LAS VEGAS NM 877D
878,SOCORRO NM 878,SOCORRO NM 878D
879,TRUTH OR CONS NM 879,TRUTH OR CONS NM 879D
880,LAS CRUCES NM 880,LAS CRUCES NM 880D
881,CLOVIS NM 881,CLOVIS NM 881D
882,ROSWELL NM 882,ROSWELL NM 882D
883,ALAMOGORDO NM 883,ALAMOGORDO NM 883D
884,TUCUMCARI NM 884,TUCUMCARI NM 884D
885,EL PASO TX 885U,SCF EL PASO TX 798
886,LAS VEGAS NV 889U,SCF LAS VEGAS NV 890
887,LAS VEGAS NV 889U,SCF LAS VEGAS NV 890
888,LAS VEGAS NV 889U,SCF LAS VEGAS NV 890
889,LAS VEGAS NV 889U,SCF LAS VEGAS NV 890
890,LAS VEGAS NV 890,SCF LAS VEGAS NV 890
891,LAS VEGAS NV 891U,SCF LAS VEGAS NV 890
892,ELY NV 893,ELY NV 893D
893,ELY NV 893,ELY NV 893D
894,RENO NV 894,SCF RENO NV 894
895,RENO NV 895U,SCF RENO NV 894
896,CARSON CITY NV 897U,SCF RENO NV 894
897,CARSON CITY NV 897U,SCF RENO NV 894
898,ELKO NV 898,ELKO NV 898D
899,LOS ANGELES CA 900U,SCF LOS ANGELES CA 900
900,LOS ANGELES CA 900U,SCF LOS ANGELES CA 900
901,LOS ANGELES CA 901U,SCF LOS ANGELES CA 900
902,INGLEWOOD CA 902,SCF INGLEWOOD CA 902
903,INGLEWOOD CA 903U,SCF INGLEWOOD CA 902
904,SANTA MONICA CA 904U,SCF INGLEWOOD CA 902
905,TORRANCE CA 905U,SCF INGLEWOOD CA 902
906,LONG BEACH CA 906,SCF LONG BEACH CA 907
907,LONG BEACH CA 907,SCF LONG BEACH CA 907
908,LONG BEACH CA 908U,SCF LONG BEACH CA 907
909,PASADENA CA 910,SCF PASADENA CA 910
910,PASADENA CA 910,SCF PASADENA CA 910
911,PASADENA CA 911U,SCF PASADENA CA 910
912,GLENDALE CA 912U,SCF PASADENA CA 910
913,VAN NUYS CA 913,SCF VAN NUYS CA 913
914,VAN NUYS CA 914U,SCF VAN NUYS CA 913
915,BURBANK CA 915U,SCF VAN NUYS CA 913
916,NORTH HOLLYWOOD CA 916U,SCF VAN NUYS CA 913
917,INDUSTRY CA 917,SCF INDUSTRY CA 917
918,INDUSTRY CA 918U,SCF INDUSTRY CA 917
919,SAN DIEGO CA 919,SCF SAN DIEGO CA 920
920,SAN DIEGO CA 920,SCF SAN DIEGO CA 920
921,SAN DIEGO CA 921U,SCF SAN DIEGO CA 920
922,SN BERNARDINO CA 922,SCF SN BERNARDINO CA 923
923,SN BERNARDINO CA 923,SCF SN BERNARDINO CA 923
924,SN BERNARDINO CA 924U,SCF SN BERNARDINO CA 923
925,SN BERNARDINO CA 925,SCF SN BERNARDINO CA 923
926,SANTA ANA CA 926,SCF SANTA ANA CA 926
927,SANTA ANA CA 927U,SCF SANTA ANA CA 926
928,ANAHEIM CA 928,ANAHEIM CA 928D
929,OXNARD CA 930,OXNARD CA 930D
930,OXNARD CA 930,OXNARD CA 930D
931,SANTA BARBARA CA 931U,SCF SANTA BARBARA CA 931
932,BAKERSFIELD CA 932,SCF BAKERSFIELD CA 932
933,BAKERSFIELD CA 933U,SCF BAKERSFIELD CA 932
934,SANTA BARBARA CA 934,SCF SANTA BARBARA CA 931
935,MOJAVE CA 935,MOJAVE CA 935D
936,FRESNO CA 936,SCF FRESNO CA 936
937,FRESNO CA 937U,SCF FRESNO CA 936
938,FRESNO CA 938,SCF FRESNO CA 936
939,SALINAS CA 939,SALINAS CA 939D
940,SAN FRANCISCO CA 940,SCF SAN FRANCISCO CA 940
941,SAN FRANCISCO CA 941U,SCF SAN FRANCISCO CA 940
942,SACRAMENTO CA 942U,SCF SACRAMENTO CA 956
943,PALO ALTO CA 943U,SCF SAN FRANCISCO CA 940
944,SAN MATEO CA 944U,SCF SAN FRANCISCO CA 940
945,OAKLAND CA 945,SCF OAKLAND CA 945
946,OAKLAND CA 946U,SCF OAKLAND CA 945
947,BERKELEY CA 947U,SCF OAKLAND CA 945
948,RICHMOND CA 948U,SCF OAKLAND CA 945
949,NORTH BAY CA 949,SCF NORTH BAY CA 949
950,SAN JOSE CA 950,SCF SAN JOSE CA 950
951,SAN JOSE CA 951U,SCF SAN JOSE CA 950
952,STOCKTON CA 952,SCF STOCKTON CA 952
953,STOCKTON CA 953,SCF STOCKTON CA 952
954,NORTH BAY CA 954,SCF NORTH BAY CA 949
955,EUREKA CA 955,EUREKA CA 955D
956,SACRAMENTO CA 956,SCF SACRAMENTO CA 956
957,SACRAMENTO CA 957,SCF SACRAMENTO CA 956
958,SACRAMENTO CA 958U,SCF SACRAMENTO CA 956
959,MARYSVILLE CA 959,MARYSVILLE CA 959D
960,REDDING CA 960,REDDING CA 960D
961,RENO NV 961,SCF RENO NV 894
967,HONOLULU HI 967,SCF HONOLULU HI 967
968,HONOLULU HI 968U,SCF HONOLULU HI 967
970,PORTLAND OR 970,SCF PORTLAND OR 970
971,PORTLAND OR 971,SCF PORTLAND OR 970
972,PORTLAND OR 972U,SCF PORTLAND OR 970
973,SALEM OR 973,SALEM OR 973D
974,EUGENE OR 974,EUGENE OR 974D
975,MEDFORD OR 975,MEDFORD OR 975D
976,KLAMATH FALLS OR 976,KLAMATH FALLS OR 976D
977,BEND OR 977,BEND OR 977D
978,PENDLETON OR 978,PENDLETON OR 978D
979,BOISE ID 979,SCF BOISE ID 836
980,SEATTLE WA 980,SCF SEATTLE WA 980
981,SEATTLE WA 981U,SCF SEATTLE WA 980
982,EVERETT WA 982,EVERETT WA 982D
983,TACOMA WA 983,SCF TACOMA WA 983
984,TACOMA WA 984U,SCF TACOMA WA 983
985,OLYMPIA WA 985,OLYMPIA WA 985D
986,PORTLAND OR 986,SCF PORTLAND OR 970
987,WENATCHEE WA 988,WENATCHEE WA 988D
988,WENATCHEE WA 988,WENATCHEE WA 988D
989,YAKIMA WA 989,YAKIMA WA 989D
990,SPOKANE WA 990,SCF SPOKANE WA 990
991,SPOKANE WA 991,SCF SPOKANE WA 990
992,SPOKANE WA 992U,SCF SPOKANE WA 990
993,PASCO WA 993,PASCO WA 993D
994,LEWISTON ID 994,SCF LEWISTON ID 835
995,ANCHORAGE AK 995,SCF ANCHORAGE AK 995
996,ANCHORAGE AK 996,SCF ANCHORAGE AK 995
997,FAIRBANKS AK 997,FAIRBANKS AK 997D
998,JUNEAU AK 998,JUNEAU AK 998D
999,KETCHIKAN AK 999,KETCHIKAN AK 999D
